{"Classes":[{"DisplayName":"Экспедиторская расписка","Name":"Экспедиторская расписка","ExternalId":"","Metrics":{"Accuracy":0.0,"F1Measure":1.0,"Precision":1.0,"Recall":1.0,"TestDuration":0.0,"TestCount":34,"TrainDuration":0.0,"TrainCount":292}},{"DisplayName":"Универсальный передаточный документ","Name":"Универсальный передаточный документ","ExternalId":"","Metrics":{"Accuracy":0.0,"F1Measure":1.0,"Precision":1.0,"Recall":1.0,"TestDuration":0.0,"TestCount":97,"TrainDuration":0.0,"TrainCount":1003}},{"DisplayName":"Универсальный корректировочный документ","Name":"Универсальный корректировочный документ","ExternalId":"","Metrics":{"Accuracy":0.0,"F1Measure":1.0,"Precision":1.0,"Recall":1.0,"TestDuration":0.0,"TestCount":9,"TrainDuration":0.0,"TrainCount":91}},{"DisplayName":"Транспортная накладная","Name":"Транспортная накладная","ExternalId":"","Metrics":{"Accuracy":0.0,"F1Measure":1.0,"Precision":1.0,"Recall":1.0,"TestDuration":0.0,"TestCount":4,"TrainDuration":0.0,"TrainCount":96}},{"DisplayName":"Товарно-транспортная накладная","Name":"Товарно-транспортная накладная","ExternalId":"","Metrics":{"Accuracy":0.0,"F1Measure":1.0,"Precision":1.0,"Recall":1.0,"TestDuration":0.0,"TestCount":8,"TrainDuration":0.0,"TrainCount":90}},{"DisplayName":"Товарная накладная","Name":"Товарная накладная","ExternalId":"","Metrics":{"Accuracy":0.0,"F1Measure":1.0,"Precision":1.0,"Recall":1.0,"TestDuration":0.0,"TestCount":41,"TrainDuration":0.0,"TrainCount":379}},{"DisplayName":"Счет-фактура","Name":"Счет-фактура","ExternalId":"","Metrics":{"Accuracy":0.0,"F1Measure":1.0,"Precision":1.0,"Recall":1.0,"TestDuration":0.0,"TestCount":68,"TrainDuration":0.0,"TrainCount":568}},{"DisplayName":"Свидетельство ИНН","Name":"Свидетельство ИНН","ExternalId":"","Metrics":{"Accuracy":0.0,"F1Measure":1.0,"Precision":1.0,"Recall":1.0,"TestDuration":0.0,"TestCount":43,"TrainDuration":0.0,"TrainCount":407}},{"DisplayName":"Приказ","Name":"Приказ","ExternalId":"","Metrics":{"Accuracy":0.0,"F1Measure":0.99,"Precision":1.0,"Recall":0.98019801980198018,"TestDuration":0.0,"TestCount":101,"TrainDuration":0.0,"TrainCount":833}},{"DisplayName":"Письмо","Name":"Письмо","ExternalId":"","Metrics":{"Accuracy":0.0,"F1Measure":0.98141263940520451,"Precision":0.97058823529411764,"Recall":0.99248120300751874,"TestDuration":0.0,"TestCount":133,"TrainDuration":0.0,"TrainCount":1235}},{"DisplayName":"Паспорт гражданина РФ","Name":"Паспорт гражданина РФ","ExternalId":"","Metrics":{"Accuracy":0.0,"F1Measure":1.0,"Precision":1.0,"Recall":1.0,"TestDuration":0.0,"TestCount":23,"TrainDuration":0.0,"TrainCount":177}},{"DisplayName":"Корректировочный счет-фактура","Name":"Корректировочный счет-фактура","ExternalId":"","Metrics":{"Accuracy":0.0,"F1Measure":1.0,"Precision":1.0,"Recall":1.0,"TestDuration":0.0,"TestCount":22,"TrainDuration":0.0,"TrainCount":176}},{"DisplayName":"Железнодорожный билет","Name":"Железнодорожный билет","ExternalId":"","Metrics":{"Accuracy":0.0,"F1Measure":1.0,"Precision":1.0,"Recall":1.0,"TestDuration":0.0,"TestCount":5,"TrainDuration":0.0,"TrainCount":103}},{"DisplayName":"Железнодорожная накладная","Name":"Железнодорожная накладная","ExternalId":"","Metrics":{"Accuracy":0.0,"F1Measure":1.0,"Precision":1.0,"Recall":1.0,"TestDuration":0.0,"TestCount":19,"TrainDuration":0.0,"TrainCount":263}},{"DisplayName":"Дополнительное соглашение","Name":"Дополнительное соглашение","ExternalId":"","Metrics":{"Accuracy":0.0,"F1Measure":1.0,"Precision":1.0,"Recall":1.0,"TestDuration":0.0,"TestCount":95,"TrainDuration":0.0,"TrainCount":758}},{"DisplayName":"Договор","Name":"Договор","ExternalId":"","Metrics":{"Accuracy":0.0,"F1Measure":0.99367088607594933,"Precision":0.99367088607594933,"Recall":0.99367088607594933,"TestDuration":0.0,"TestCount":158,"TrainDuration":0.0,"TrainCount":1264}},{"DisplayName":"Входящий счет на оплату (англоязычный)","Name":"Входящий счет на оплату (англоязычный)","ExternalId":"","Metrics":{"Accuracy":0.0,"F1Measure":1.0,"Precision":1.0,"Recall":1.0,"TestDuration":0.0,"TestCount":209,"TrainDuration":0.0,"TrainCount":1855}},{"DisplayName":"Входящий счет на оплату","Name":"Входящий счет на оплату","ExternalId":"","Metrics":{"Accuracy":0.0,"F1Measure":0.99212598425196852,"Precision":0.984375,"Recall":1.0,"TestDuration":0.0,"TestCount":63,"TrainDuration":0.0,"TrainCount":685}},{"DisplayName":"Акт выполненных работ","Name":"Акт выполненных работ","ExternalId":"","Metrics":{"Accuracy":0.0,"F1Measure":0.97959183673469385,"Precision":1.0,"Recall":0.96,"TestDuration":0.0,"TestCount":50,"TrainDuration":0.0,"TrainCount":373}},{"DisplayName":"Авиабилет","Name":"Авиабилет","ExternalId":"","Metrics":{"Accuracy":0.0,"F1Measure":1.0,"Precision":1.0,"Recall":1.0,"TestDuration":0.0,"TestCount":18,"TrainDuration":0.0,"TrainCount":144}}],"Metrics":{"Accuracy":0.995,"F1Measure":0.99500117490458406,"Precision":0.995086550245098,"Recall":0.995,"TestDuration":2.6328074932098389,"TestCount":1200,"TrainDuration":78.065483570098877,"TrainCount":10792}}