{"Classes":[{"DisplayName":"Универсальный передаточный документ","Name":"Универсальный передаточный документ","ExternalId":"","Metrics":{"Accuracy":0.0,"F1Measure":1.0,"Precision":1.0,"Recall":1.0,"TestDuration":0.0,"TestCount":97,"TrainDuration":0.0,"TrainCount":903}},{"DisplayName":"Товарная накладная","Name":"Товарная накладная","ExternalId":"","Metrics":{"Accuracy":0.0,"F1Measure":1.0,"Precision":1.0,"Recall":1.0,"TestDuration":0.0,"TestCount":41,"TrainDuration":0.0,"TrainCount":379}},{"DisplayName":"Счет-фактура","Name":"Счет-фактура","ExternalId":"","Metrics":{"Accuracy":0.0,"F1Measure":1.0,"Precision":1.0,"Recall":1.0,"TestDuration":0.0,"TestCount":51,"TrainDuration":0.0,"TrainCount":492}},{"DisplayName":"Свидетельство ИНН","Name":"Свидетельство ИНН","ExternalId":"","Metrics":{"Accuracy":0.0,"F1Measure":1.0,"Precision":1.0,"Recall":1.0,"TestDuration":0.0,"TestCount":37,"TrainDuration":0.0,"TrainCount":413}},{"DisplayName":"Приказ","Name":"Приказ","ExternalId":"","Metrics":{"Accuracy":0.0,"F1Measure":0.99492385786802029,"Precision":0.98989898989899,"Recall":1.0,"TestDuration":0.0,"TestCount":98,"TrainDuration":0.0,"TrainCount":836}},{"DisplayName":"Письмо","Name":"Письмо","ExternalId":"","Metrics":{"Accuracy":0.0,"F1Measure":0.98245614035087714,"Precision":0.97674418604651159,"Recall":0.9882352941176471,"TestDuration":0.0,"TestCount":170,"TrainDuration":0.0,"TrainCount":1198}},{"DisplayName":"Паспорт гражданина РФ","Name":"Паспорт гражданина РФ","ExternalId":"","Metrics":{"Accuracy":0.0,"F1Measure":0.97142857142857142,"Precision":1.0,"Recall":0.94444444444444442,"TestDuration":0.0,"TestCount":18,"TrainDuration":0.0,"TrainCount":182}},{"DisplayName":"Дополнительное соглашение","Name":"Дополнительное соглашение","ExternalId":"","Metrics":{"Accuracy":0.0,"F1Measure":0.97986577181208057,"Precision":1.0,"Recall":0.96052631578947367,"TestDuration":0.0,"TestCount":76,"TrainDuration":0.0,"TrainCount":777}},{"DisplayName":"Договор","Name":"Договор","ExternalId":"","Metrics":{"Accuracy":0.0,"F1Measure":0.988929889298893,"Precision":0.98529411764705888,"Recall":0.99259259259259258,"TestDuration":0.0,"TestCount":135,"TrainDuration":0.0,"TrainCount":1287}},{"DisplayName":"Входящий счет на оплату","Name":"Входящий счет на оплату","ExternalId":"","Metrics":{"Accuracy":0.0,"F1Measure":1.0,"Precision":1.0,"Recall":1.0,"TestDuration":0.0,"TestCount":74,"TrainDuration":0.0,"TrainCount":674}},{"DisplayName":"Акт выполненных работ","Name":"Акт выполненных работ","ExternalId":"","Metrics":{"Accuracy":0.0,"F1Measure":0.975,"Precision":0.975,"Recall":0.975,"TestDuration":0.0,"TestCount":40,"TrainDuration":0.0,"TrainCount":383}}],"Metrics":{"Accuracy":0.99044205495818394,"F1Measure":0.990419510071085,"Precision":0.99052726227044319,"Recall":0.99044205495818394,"TestDuration":3.6874010562896729,"TestCount":837,"TrainDuration":82.983515501022339,"TrainCount":7524}}