{"Classes":[{"DisplayName":"First","Name":"First","ExternalId":"","Metrics":{"Accuracy":0.0,"F1Measure":0.96995305164319257,"Precision":0.96722846441947563,"Recall":0.972693032015066,"TestDuration":0.0,"TestCount":1062,"TrainDuration":0.0,"TrainCount":9833}},{"DisplayName":"Not First","Name":"Not First","ExternalId":"","Metrics":{"Accuracy":0.0,"F1Measure":0.9625292740046838,"Precision":0.96592244418331374,"Recall":0.95915985997666275,"TestDuration":0.0,"TestCount":857,"TrainDuration":0.0,"TrainCount":7431}}],"Metrics":{"Accuracy":0.96664929650859821,"F1Measure":0.966637690811404,"Precision":0.96664521306856865,"Recall":0.96664929650859821,"TestDuration":1.0468990802764893,"TestCount":1919,"TrainDuration":20.890076875686646,"TrainCount":17264}}