{"Classes":[{"DisplayName":"First","Name":"First","ExternalId":"","Metrics":{"Accuracy":0.0,"F1Measure":0.97399397755269657,"Precision":0.97319474835886211,"Recall":0.97479452054794524,"TestDuration":0.0,"TestCount":1825,"TrainDuration":0.0,"TrainCount":15997}},{"DisplayName":"Not First","Name":"Not First","ExternalId":"","Metrics":{"Accuracy":0.0,"F1Measure":0.95520980669495514,"Precision":0.95656279508970732,"Recall":0.95386064030131823,"TestDuration":0.0,"TestCount":1062,"TrainDuration":0.0,"TrainCount":9983}}],"Metrics":{"Accuracy":0.96709386906823691,"F1Measure":0.9670841093674104,"Precision":0.96707658612407088,"Recall":0.96709386906823691,"TestDuration":1.2655911445617676,"TestCount":2887,"TrainDuration":26.858689308166504,"TrainCount":25980}}